{
  "id": "exalted-training-tracker",
  "type": "module",
  "title": "Lazaric's Exalted 3e Training Tracker",
  "description": "Adds a Training & XP tab to Exalted 3e character sheets, including training entries, XP totals, calendar integration, chat output, and import/export.",
  "version": "0.0.8",
  "compatibility": {
    "minimum": "13",
    "verified": "13"
  },
  "authors": [
    {
      "name": "Lazaric",
      "url": "https://github.com/Lazaric",
      "discord": ""
    }
  ],
  "scripts" : ["scripts/training-tab.js"],
  "esmodules": [ ],
  "styles": ["styles/training-tab.css"],
  "packs": [],
  "languages": [],
  "url": "https://github.com/Lazaric/exalted-training-tracker",

  "changelog": "https://github.com/lazaric/exalted-training-tracker/releases/tag/0.0.8",

  "manifest": "https://github.com/Lazaric/exalted-training-tracker/releases/latest/download/module.json",
  "download": "https://github.com/Lazaric/exalted-training-tracker/releases/download/0.0.8/module.zip",  
  "systems": ["exaltedthird"]
}



